Name,European political group,Member State,National Party,Status
Damien ABAD,EPP,France,Nouveau Centre,Inactive
János ÁDER,EPP,Hungary,Fidesz-Magyar Polgári Szövetség-Keresztény Demokrata Néppárt,Inactive
John Stuart AGNEW,EFD,United Kingdom,United Kingdom Independence Party,Active
Gabriele ALBERTINI,EPP,Italy,Il Popolo della Libertà,Inactive
Jan Philipp ALBRECHT,Greens/EFA,Germany,Bündnis 90/Die Grünen,Active
Sonia ALFANO,ALDE/ADLE,Italy,Italia dei Valori - Lista Di Pietro,Active
François ALFONSI,Greens/EFA,France,Partitu di a Nazione Corsa,Active
Magdi Cristiano ALLAM,EFD,Italy,IO AMO L'ITALIA,Active
Magdalena ALVAREZ,S&D,Spain,Partido Socialista Obrero Español,Inactive
Alexander ALVARO,ALDE/ADLE,Germany,Freie Demokratische Partei,Active
Luís Paulo ALVES,S&D,Portugal,Partido Socialista,Active
Marta ANDREASEN,ECR,United Kingdom,Independent,Active
Josefa ANDRÉS BAREA,S&D,Spain,Partido Socialista Obrero Español,Active
Laima Liucija ANDRIKIENĖ,EPP,Lithuania,Tėvynės sąjunga - Lietuvos krikščionys demokratai,Active
Roberta ANGELILLI,EPP,Italy,Nuovo Centrodestra,Active
Antonello ANTINORO,EPP,Italy,Unione dei Democratici cristiani e dei Democratici di Centro,Active
Elena Oana ANTONESCU,EPP,Romania,Partidul Democrat-Liberal,Active
Alfredo ANTONIOZZI,EPP,Italy,Nuovo Centrodestra,Active
Pablo ARIAS ECHEVERRÍA,EPP,Spain,Partido Popular,Active
Kader ARIF,S&D,France,Parti Socialiste,Inactive
Pino ARLACCHI,S&D,Italy,Partito Democratico,Active
Kriton ARSENIS,S&D,Greece,Independent,Active
Richard ASHWORTH,ECR,United Kingdom,Conservative Party,Active
Sir Robert ATKINS,ECR,United Kingdom,Conservative Party,Active
John ATTARD-MONTALTO,S&D,Malta,Partit Laburista,Active
Jean-Pierre AUDY,EPP,France,Union pour un Mouvement Populaire,Active
Margrete AUKEN,Greens/EFA,Denmark,Socialistisk Folkeparti,Active
Inés AYALA SENDER,S&D,Spain,Partido Socialista Obrero Español,Active
Liam AYLWARD,ALDE/ADLE,Ireland,Fianna Fáil Party,Active
Pilar AYUSO,EPP,Spain,Partido Popular,Active
Johannes Cornelis van BAALEN,ALDE/ADLE,Netherlands,Volkspartij voor Vrijheid en Democratie,Active
Georges BACH,EPP,Luxembourg,Parti chrétien social luxembourgeois,Active
Maria BADIA i CUTCHET,S&D,Spain,Partit dels Socialistes de Catalunya,Active
Zigmantas BALČYTIS,S&D,Lithuania,Lietuvos socialdemokratų partija,Active
Zoltán BALCZÓ,NI,Hungary,JOBBIK MAGYARORSZÁGÉRT MOZGALOM,Inactive
Raffaele BALDASSARRE,EPP,Italy,Forza Italia,Active
Burkhard BALZ,EPP,Germany,Christlich Demokratische Union Deutschlands,Active
Francesca BALZANI,S&D,Italy,Partito Democratico,Active
Michel BARNIER,EPP,France,Union pour un Mouvement Populaire,Inactive
Paolo BARTOLOZZI,EPP,Italy,Forza Italia,Active
Elena BĂSESCU,EPP,Romania,Partidul Democrat-Liberal,Active
Regina BASTOS,EPP,Portugal,Partido Social Democrata,Active
Gerard BATTEN,EFD,United Kingdom,United Kingdom Independence Party,Active
Dominique BAUDIS,EPP,France,Union pour un Mouvement Populaire,Inactive
Edit BAUER,EPP,Slovakia,Strana mad'arskej komunity- Magyar Közösség Pártja,Active
Catherine BEARDER,ALDE/ADLE,United Kingdom,Liberal Democrats Party,Active
George BECALI,NI,Romania,Partidul România Mare,Inactive
Christophe BÉCHU,EPP,France,Union pour un Mouvement Populaire,Inactive
Bastiaan BELDER,EFD,Netherlands,Staatkundig Gereformeerde Partij,Active
Ivo BELET,EPP,Belgium,Christen-Democratisch & Vlaams,Active
Sandrine BÉLIER,Greens/EFA,France,Europe Écologie,Active
Malika BENARAB-ATTOU,Greens/EFA,France,Europe Écologie,Active
Bendt BENDTSEN,EPP,Denmark,Det Konservative Folkeparti,Active
Jean-Luc BENNAHMIAS,ALDE/ADLE,France,Mouvement Démocrate,Active
Pervenche BERÈS,S&D,France,Parti Socialiste,Active
Sergio BERLATO,EPP,Italy,Forza Italia,Active
Luigi BERLINGUER,S&D,Italy,Partito Democratico,Active
Thijs BERMAN,S&D,Netherlands,Partij van de Arbeid,Active
Jean-Paul BESSET,Greens/EFA,France,Europe Écologie,Active
Adam BIELAN,ECR,Poland,Polska Razem Jarosława Gowina,Active
Izaskun BILBAO BARANDICA,ALDE/ADLE,Spain,Partido Nacionalista Vasco,Active
Slavi BINEV,EFD,Bulgaria,National Front for the Salvation of Bulgaria,Active
Lothar BISKY,GUE-NGL,Germany,DIE LINKE.,Inactive
Mara BIZZOTTO,EFD,Italy,Lega Nord,Active
Vilija BLINKEVIČIŪTĖ,S&D,Lithuania,Lietuvos socialdemokratų partija,Active
Godfrey BLOOM,NI,United Kingdom,United Kingdom Independence Party,Active
Sebastian Valentin BODU,EPP,Romania,Partidul Naţional Ţaranesc Creştin Democrat,Active
Reimer BÖGE,EPP,Germany,Christlich Demokratische Union Deutschlands,Active
Lajos BOKROS,ECR,Hungary,Modern Magyarország Mozgalom,Active
Vito BONSIGNORE,EPP,Italy,Nuovo Centrodestra,Active
Louis BONTES,NI,Netherlands,Partij voor de Vrijheid,Inactive
Mario BORGHEZIO,NI,Italy,Lega Nord,Active
Rita BORSELLINO,S&D,Italy,Partito Democratico,Active
Piotr BORYS,EPP,Poland,Platforma Obywatelska,Active
Victor BOŞTINARU,S&D,Romania,Partidul Social Democrat + Partidul Conservator,Active
José BOVÉ,Greens/EFA,France,Europe Écologie,Active
Sharon BOWLES,ALDE/ADLE,United Kingdom,Liberal Democrats Party,Active
Emine BOZKURT,S&D,Netherlands,Partij van de Arbeid,Active
Philip BRADBOURN,ECR,United Kingdom,Conservative Party,Active
Franziska Katharina BRANTNER,Greens/EFA,Germany,Bündnis 90/Die Grünen,Inactive
Frieda BREPOELS,Greens/EFA,Belgium,Nieuw-Vlaamse Alliantie,Inactive
Jan BŘEZINA,EPP,Czech Republic,Independent,Active
Sophie AUCONIE,EPP,France,Union des Démocrates et Indépendants,Active
Elmar BROK,EPP,Germany,Christlich Demokratische Union Deutschlands,Active
Andrew Henry William BRONS,NI,United Kingdom,British Democratic Party,Active
Zuzana BRZOBOHATÁ,S&D,Czech Republic,Česká strana sociálně demokratická,Active
John BUFTON,EFD,United Kingdom,United Kingdom Independence Party,Active
Udo BULLMANN,S&D,Germany,Sozialdemokratische Partei Deutschlands,Active
Cristian Silviu BUŞOI,ALDE/ADLE,Romania,Partidul Naţional Liberal,Inactive
Simon BUSUTTIL,EPP,Malta,Partit Nazzjonalista,Inactive
Reinhard BÜTIKOFER,Greens/EFA,Germany,Bündnis 90/Die Grünen,Active
Jerzy BUZEK,EPP,Poland,Platforma Obywatelska,Active
Milan CABRNOCH,ECR,Czech Republic,Občanská demokratická strana,Active
Alain CADEC,EPP,France,Union pour un Mouvement Populaire,Active
Martin CALLANAN,ECR,United Kingdom,Conservative Party,Active
Wim van de CAMP,EPP,Netherlands,Christen Democratisch Appèl,Active
David CAMPBELL BANNERMAN,ECR,United Kingdom,Conservative Party,Active
Antonio CANCIAN,EPP,Italy,Nuovo Centrodestra,Active
Pascal CANFIN,Greens/EFA,France,Europe Écologie,Inactive
Luis Manuel CAPOULAS SANTOS,S&D,Portugal,Partido Socialista,Active
Salvatore CARONNA,S&D,Italy,Partito Democratico,Active
Maria Da Graça CARVALHO,EPP,Portugal,Partido Social Democrata,Active
David CASA,EPP,Malta,Partit Nazzjonalista,Active
Michael CASHMAN,S&D,United Kingdom,Labour Party,Active
Carlo CASINI,EPP,Italy,Unione dei Democratici cristiani e dei Democratici di Centro,Active
Daniel CASPARY,EPP,Germany,Christlich Demokratische Union Deutschlands,Active
Françoise CASTEX,S&D,France,Parti Socialiste,Active
Pilar del CASTILLO VERA,EPP,Spain,Partido Popular,Active
Jean-Marie CAVADA,EPP,France,Nouveau Centre,Active
Alejandro CERCAS,S&D,Spain,Partido Socialista Obrero Español,Active
Andrea ČEŠKOVÁ,ECR,Czech Republic,Občanská demokratická strana,Active
Jorgo CHATZIMARKAKIS,ALDE/ADLE,Germany,Freie Demokratische Partei,Active
Giles CHICHESTER,ECR,United Kingdom,Conservative Party,Active
Nessa CHILDERS,NI,Ireland,Independent,Active
Nikolaos CHOUNTIS,GUE-NGL,Greece,Coalition of the Radical Left,Active
Ole CHRISTENSEN,S&D,Denmark,Socialdemokratiet,Active
Philip CLAEYS,NI,Belgium,Vlaams Belang,Active
Derek Roland CLARK,EFD,United Kingdom,United Kingdom Independence Party,Active
Carlos COELHO,EPP,Portugal,Partido Social Democrata,Active
Sergio Gaetano COFFERATI,S&D,Italy,Partito Democratico,Active
Daniel COHN-BENDIT,Greens/EFA,France,Europe Écologie,Active
Giovanni COLLINO,EPP,Italy,Il Popolo della Libertà,Inactive
Trevor COLMAN,NI,United Kingdom,United Kingdom Independence Party,Active
Lara COMI,EPP,Italy,Forza Italia,Active
Anna Maria CORAZZA BILDT,EPP,Sweden,Moderata Samlingspartiet,Active
Marije CORNELISSEN,Greens/EFA,Netherlands,GroenLinks,Active
António Fernando CORREIA DE CAMPOS,S&D,Portugal,Partido Socialista,Active
Ricardo CORTÉS LASTRA,S&D,Spain,Partido Socialista Obrero Español,Active
Silvia COSTA,S&D,Italy,Partito Democratico,Active
Andrea COZZOLINO,S&D,Italy,Partito Democratico,Active
Michael CRAMER,Greens/EFA,Germany,Bündnis 90/Die Grünen,Active
Corina CREŢU,S&D,Romania,Partidul Social Democrat + Partidul Conservator,Active
Jürgen CREUTZMANN,ALDE/ADLE,Germany,Freie Demokratische Partei,Active
Rosario CROCETTA,S&D,Italy,Partito Democratico,Inactive
Brian CROWLEY,ALDE/ADLE,Ireland,Fianna Fáil Party,Active
George Sabin CUTAŞ,S&D,Romania,Partidul Conservator,Active
Tadeusz CYMAŃSKI,EFD,Poland,Solidarna Polska,Active
Ryszard CZARNECKI,ECR,Poland,Prawo i Sprawiedliwość,Active
Frédéric DAERDEN,S&D,Belgium,Parti Socialiste,Active
Peter van DALEN,ECR,Netherlands,ChristenUnie,Active
Vasilica Viorica DĂNCILĂ,S&D,Romania,Partidul Social Democrat + Partidul Conservator,Active
Arnaud DANJEAN,EPP,France,Union pour un Mouvement Populaire,Active
Michel DANTIN,EPP,France,Union pour un Mouvement Populaire,Active
William (The Earl of) DARTMOUTH,EFD,United Kingdom,United Kingdom Independence Party,Active
Rachida DATI,EPP,France,Union pour un Mouvement Populaire,Active
Joseph DAUL,EPP,France,Union pour un Mouvement Populaire,Active
Mário DAVID,EPP,Portugal,Partido Social Democrata,Active
Chris DAVIES,ALDE/ADLE,United Kingdom,Liberal Democrats Party,Active
Francesco DE ANGELIS,S&D,Italy,Partito Democratico,Active
Bairbre de BRÚN,GUE-NGL,United Kingdom,Sinn Féin,Inactive
Paolo DE CASTRO,S&D,Italy,Partito Democratico,Active
Jean-Luc DEHAENE,EPP,Belgium,Christen-Democratisch & Vlaams,Active
Véronique DE KEYSER,S&D,Belgium,Parti Socialiste,Active
Karima DELLI,Greens/EFA,France,Europe Écologie,Active
Anne DELVAUX,EPP,Belgium,Centre Démocrate Humaniste,Active
Luigi de MAGISTRIS,ALDE/ADLE,Italy,Italia dei Valori - Lista Di Pietro,Inactive
Luigi Ciriaco DE MITA,EPP,Italy,Unione dei Democratici cristiani e dei Democratici di Centro,Active
Proinsias DE ROSSA,S&D,Ireland,Labour Party,Inactive
Marielle de SARNEZ,ALDE/ADLE,France,Mouvement Démocrate,Active
Harlem DÉSIR,S&D,France,Parti Socialiste,Inactive
Albert DESS,EPP,Germany,Christlich-Soziale Union in Bayern e.V.,Active
Tamás DEUTSCH,EPP,Hungary,Fidesz-Magyar Polgári Szövetség-Keresztény Demokrata Néppárt,Active
Nirj DEVA,ECR,United Kingdom,Conservative Party,Active
Christine DE VEYRAC,EPP,France,Union des Démocrates et Indépendants,Active
Agustín DÍAZ DE MERA GARCÍA CONSUEGRA,EPP,Spain,Partido Popular,Active
Diane DODDS,NI,United Kingdom,Democratic Unionist Party (Northern Ireland),Active
Leonardo DOMENICI,S&D,Italy,Partito Democratico,Active
Leonidas DONSKIS,ALDE/ADLE,Lithuania,Lietuvos Respublikos liberalų sąjūdis,Active
Herbert DORFMANN,EPP,Italy,Südtiroler Volkspartei (Partito popolare sudtirolese),Active
Andrew DUFF,ALDE/ADLE,United Kingdom,Liberal Democrats Party,Active
Isabelle DURANT,Greens/EFA,Belgium,Ecologistes Confédérés pour l'Organisation de Luttes Originales,Active
Robert DUŠEK,S&D,Czech Republic,Česká strana sociálně demokratická,Active
Christian EHLER,EPP,Germany,Christlich Demokratische Union Deutschlands,Active
Martin EHRENHAUSER,NI,Austria,Independent,Active
Bas EICKHOUT,Greens/EFA,Netherlands,GroenLinks,Active
Lena EK,ALDE/ADLE,Sweden,Independent,Inactive
Saïd EL KHADRAOUI,S&D,Belgium,Socialistische Partij.Anders,Active
James ELLES,ECR,United Kingdom,Conservative Party,Active
Ioan ENCIU,S&D,Romania,Partidul Social Democrat + Partidul Conservator,Active
Frank ENGEL,EPP,Luxembourg,Parti chrétien social luxembourgeois,Active
Christian ENGSTRÖM,Greens/EFA,Sweden,Piratpartiet,Active
Derk Jan EPPINK,ECR,Belgium,Lijst Dedecker,Active
Cornelia ERNST,GUE-NGL,Germany,DIE LINKE.,Active
Ismail ERTUG,S&D,Germany,Sozialdemokratische Partei Deutschlands,Active
Sari ESSAYAH,EPP,Finland,Suomen kristillisdemokraatit,Active
Rosa ESTARÀS FERRAGUT,EPP,Spain,Partido Popular,Active
Edite ESTRELA,S&D,Portugal,Partido Socialista,Active
Jill EVANS,Greens/EFA,United Kingdom,Plaid Cymru - Party of Wales,Active
Hynek FAJMON,ECR,Czech Republic,Občanská demokratická strana,Active
Tanja FAJON,S&D,Slovenia,Socialni demokrati,Active
Richard FALBR,S&D,Czech Republic,Česká strana sociálně demokratická,Active
Nigel FARAGE,EFD,United Kingdom,United Kingdom Independence Party,Active
Göran FÄRM,S&D,Sweden,Arbetarepartiet- Socialdemokraterna,Active
Diogo FEIO,EPP,Portugal,Partido Popular,Active
Markus FERBER,EPP,Germany,Christlich-Soziale Union in Bayern e.V.,Active
José Manuel FERNANDES,EPP,Portugal,Partido Social Democrata,Active
Elisa FERREIRA,S&D,Portugal,Partido Socialista,Active
João FERREIRA,GUE-NGL,Portugal,Partido Comunista Português,Active
Carlo FIDANZA,EPP,Italy,Fratelli d'Italia - Alleanza Nazionale,Active
Ilda FIGUEIREDO,GUE-NGL,Portugal,Coligação Democrática Unitária (PCP-PEV),Inactive
Santiago FISAS AYXELA,EPP,Spain,Partido Popular,Active
Christofer FJELLNER,EPP,Sweden,Moderata Samlingspartiet,Active
Monika FLAŠÍKOVÁ BEŇOVÁ,S&D,Slovakia,SMER-Sociálna demokracia,Active
Hélène FLAUTRE,Greens/EFA,France,Europe Écologie,Active
Knut FLECKENSTEIN,S&D,Germany,Sozialdemokratische Partei Deutschlands,Active
Karl-Heinz FLORENZ,EPP,Germany,Christlich Demokratische Union Deutschlands,Active
Lorenzo FONTANA,EFD,Italy,Lega Nord,Active
Vicky FORD,ECR,United Kingdom,Conservative Party,Active
Jacqueline FOSTER,ECR,United Kingdom,Conservative Party,Active
Ashley FOX,ECR,United Kingdom,Conservative Party,Active
Carmen FRAGA ESTÉVEZ,EPP,Spain,Partido Popular,Active
Gaston FRANCO,EPP,France,Union pour un Mouvement Populaire,Active
Michael GAHLER,EPP,Germany,Christlich Demokratische Union Deutschlands,Active
Kinga GÁL,EPP,Hungary,Fidesz-Magyar Polgári Szövetség-Keresztény Demokrata Néppárt,Active
Pat the Cope GALLAGHER,ALDE/ADLE,Ireland,Fianna Fáil Party,Active
Marielle GALLO,EPP,France,Union des Démocrates et Indépendants,Active
José Manuel GARCÍA-MARGALLO Y MARFIL,EPP,Spain,Partido Popular,Inactive
Iratxe GARCÍA PÉREZ,S&D,Spain,Partido Socialista Obrero Español,Active
Eider GARDIAZÁBAL RUBIAL,S&D,Spain,Partido Socialista Obrero Español,Active
Elisabetta GARDINI,EPP,Italy,Forza Italia,Active
Salvador GARRIGA POLLEDO,EPP,Spain,Partido Popular,Active
Jean-Paul GAUZÈS,EPP,France,Union pour un Mouvement Populaire,Active
Evelyne GEBHARDT,S&D,Germany,Sozialdemokratische Partei Deutschlands,Active
Jens GEIER,S&D,Germany,Sozialdemokratische Partei Deutschlands,Active
Gerben-Jan GERBRANDY,ALDE/ADLE,Netherlands,Democraten 66,Active
Lidia Joanna GERINGER de OEDENBERG,S&D,Poland,Sojusz Lewicy Demokratycznej,Active
Marietta GIANNAKOU,EPP,Greece,Nea Demokratia,Active
Sven GIEGOLD,Greens/EFA,Germany,Bündnis 90/Die Grünen,Active
Adam GIEREK,S&D,Poland,Unia Pracy,Active
Julie GIRLING,ECR,United Kingdom,Conservative Party,Active
Norbert GLANTE,S&D,Germany,Sozialdemokratische Partei Deutschlands,Active
Béla GLATTFELDER,EPP,Hungary,Fidesz-Magyar Polgári Szövetség-Keresztény Demokrata Néppárt,Active
Ivars GODMANIS,ALDE/ADLE,Latvia,Latvijas Pirmā Partija/Latvijas Ceļš,Active
Robert GOEBBELS,S&D,Luxembourg,Parti ouvrier socialiste luxembourgeois,Active
Charles GOERENS,ALDE/ADLE,Luxembourg,Parti démocratique,Active
Bruno GOLLNISCH,NI,France,Front national,Active
Ana GOMES,S&D,Portugal,Partido Socialista,Active
Kinga GÖNCZ,S&D,Hungary,Magyar Szocialista Párt,Active
Sylvie GOULARD,ALDE/ADLE,France,Mouvement Démocrate,Active
Luis de GRANDES PASCUAL,EPP,Spain,Partido Popular,Active
Ingeborg GRÄSSLE,EPP,Germany,Christlich Demokratische Union Deutschlands,Active
Louis GRECH,S&D,Malta,Partit Laburista,Inactive
Estelle GRELIER,S&D,France,Parti Socialiste,Inactive
Catherine GRÈZE,Greens/EFA,France,Europe Écologie,Active
Nathalie GRIESBECK,ALDE/ADLE,France,Mouvement Démocrate,Active
Nick GRIFFIN,NI,United Kingdom,British National Party,Active
Marek Józef GRÓBARCZYK,ECR,Poland,Prawo i Sprawiedliwość,Active
Matthias GROOTE,S&D,Germany,Sozialdemokratische Partei Deutschlands,Active
Mathieu GROSCH,EPP,Belgium,Christlich Soziale Partei,Active
Françoise GROSSETÊTE,EPP,France,Union pour un Mouvement Populaire,Active
Pascale GRUNY,EPP,France,Union pour un Mouvement Populaire,Inactive
Andrzej GRZYB,EPP,Poland,Polskie Stronnictwo Ludowe,Active
Roberto GUALTIERI,S&D,Italy,Partito Democratico,Active
Enrique GUERRERO SALOM,S&D,Spain,Partido Socialista Obrero Español,Active
Sylvie GUILLAUME,S&D,France,Parti Socialiste,Active
Zita GURMAI,S&D,Hungary,Magyar Szocialista Párt,Active
Cristina GUTIÉRREZ-CORTINES,EPP,Spain,Partido Popular,Active
Enikő GYŐRI,EPP,Hungary,Fidesz-Magyar Polgári Szövetség-Keresztény Demokrata Néppárt,Inactive
András GYÜRK,EPP,Hungary,Fidesz-Magyar Polgári Szövetség-Keresztény Demokrata Néppárt,Active
Gerald HÄFNER,Greens/EFA,Germany,Bündnis 90/Die Grünen,Active
Carl HAGLUND,ALDE/ADLE,Finland,Svenska folkpartiet,Inactive
Fiona HALL,ALDE/ADLE,United Kingdom,Liberal Democrats Party,Active
Thomas HÄNDEL,GUE-NGL,Germany,DIE LINKE.,Active
Małgorzata HANDZLIK,EPP,Poland,Platforma Obywatelska,Active
Ágnes HANKISS,EPP,Hungary,Fidesz-Magyar Polgári Szövetség-Keresztény Demokrata Néppárt,Active
Daniel HANNAN,ECR,United Kingdom,Conservative Party,Active
Malcolm HARBOUR,ECR,United Kingdom,Conservative Party,Active
Marian HARKIN,ALDE/ADLE,Ireland,Independent,Active
Rebecca HARMS,Greens/EFA,Germany,Bündnis 90/Die Grünen,Active
Satu HASSI,Greens/EFA,Finland,Vihreä liitto,Active
Takis HADJIGEORGIOU,GUE-NGL,Cyprus,Progressive Party of Working People - Left - New Forces,Active
Jutta HAUG,S&D,Germany,Sozialdemokratische Partei Deutschlands,Active
Martin HÄUSLING,Greens/EFA,Germany,Bündnis 90/Die Grünen,Active
Heidi HAUTALA,Greens/EFA,Finland,Vihreä liitto,Inactive
Jiří HAVEL,S&D,Czech Republic,Česká strana sociálně demokratická,Inactive
Anna HEDH,S&D,Sweden,Arbetarepartiet- Socialdemokraterna,Active
Roger HELMER,EFD,United Kingdom,United Kingdom Independence Party,Active
Jacky HÉNIN,GUE-NGL,France,Front de gauche pour changer d’Europe,Active
Jeanine HENNIS-PLASSCHAERT,ALDE/ADLE,Netherlands,Volkspartij voor Vrijheid en Democratie,Inactive
Edit HERCZOG,S&D,Hungary,Magyar Szocialista Párt,Active
Esther HERRANZ GARCÍA,EPP,Spain,Partido Popular,Active
Jolanta Emilia HIBNER,EPP,Poland,Platforma Obywatelska,Active
Jim HIGGINS,EPP,Ireland,Fine Gael Party,Active
Joe HIGGINS,GUE-NGL,Ireland,Socialist Party,Inactive
Nadja HIRSCH,ALDE/ADLE,Germany,Freie Demokratische Partei,Active
Liem HOANG NGOC,S&D,France,Parti Socialiste,Active
Elie HOARAU,GUE-NGL,France,Parti communiste réunionnais,Inactive
Monika HOHLMEIER,EPP,Germany,Christlich-Soziale Union in Bayern e.V.,Active
Gunnar HÖKMARK,EPP,Sweden,Moderata Samlingspartiet,Active
Mary HONEYBALL,S&D,United Kingdom,Labour Party,Active
Richard HOWITT,S&D,United Kingdom,Labour Party,Active
Danuta Maria HÜBNER,EPP,Poland,Platforma Obywatelska,Active
Ian HUDGHTON,Greens/EFA,United Kingdom,Scottish National Party,Active
Stephen HUGHES,S&D,United Kingdom,Labour Party,Active
Filiz Hakaeva HYUSMENOVA,ALDE/ADLE,Bulgaria,Movement for Rights and Freedoms,Active
Salvatore IACOLINO,EPP,Italy,Forza Italia,Active
Anna IBRISAGIC,EPP,Sweden,Moderata Samlingspartiet,Active
Stanimir ILCHEV,ALDE/ADLE,Bulgaria,National Movement for Stability and Progress,Active
Juozas IMBRASAS,EFD,Lithuania,Partija Tvarka ir teisingumas,Active
Sophia in 't VELD,ALDE/ADLE,Netherlands,Democraten 66,Active
Iliana Malinova IOTOVA,S&D,Bulgaria,Coalition for Bulgaria,Active
Vincenzo IOVINE,S&D,Italy,Partito Democratico,Active
Ville ITÄLÄ,EPP,Finland,Kansallinen Kokoomus,Inactive
Carlos José ITURGAIZ ANGULO,EPP,Spain,Partido Popular,Active
Cătălin Sorin IVAN,S&D,Romania,Partidul Social Democrat + Partidul Conservator,Active
Iliana IVANOVA,EPP,Bulgaria,Citizens for European Development of Bulgaria,Inactive
Liisa JAAKONSAARI,S&D,Finland,Suomen Sosialidemokraattinen Puolue/Finlands Socialdemokratiska Parti,Active
Anneli JÄÄTTEENMÄKI,ALDE/ADLE,Finland,Suomen Keskusta,Active
Yannick JADOT,Greens/EFA,France,Europe Écologie,Active
Peter JAHR,EPP,Germany,Christlich Demokratische Union Deutschlands,Active
Lívia JÁRÓKA,EPP,Hungary,Fidesz-Magyar Polgári Szövetség-Keresztény Demokrata Néppárt,Active
Ramón JÁUREGUI ATONDO,S&D,Spain,Partido Socialista Obrero Español,Inactive
Danuta JAZŁOWIECKA,EPP,Poland,Platforma Obywatelska,Active
Sidonia Elżbieta JĘDRZEJEWSKA,EPP,Poland,Platforma Obywatelska,Active
Elisabeth JEGGLE,EPP,Germany,Christlich Demokratische Union Deutschlands,Active
Anne E. JENSEN,ALDE/ADLE,Denmark,"Venstre, Danmarks Liberale Parti",Active
Teresa JIMÉNEZ-BECERRIL BARRIO,EPP,Spain,Partido Popular,Active
Eva JOLY,Greens/EFA,France,Europe Écologie,Active
Cornelis de JONG,GUE-NGL,Netherlands,Socialistische Partij,Active
Romana JORDAN,EPP,Slovenia,Slovenska demokratska stranka,Active
Dan JØRGENSEN,S&D,Denmark,Socialdemokratiet,Inactive
Oriol JUNQUERAS VIES,Greens/EFA,Spain,Esquerra Republicana de Catalunya,Inactive
Philippe JUVIN,EPP,France,Union pour un Mouvement Populaire,Active
Jelko KACIN,ALDE/ADLE,Slovenia,Liberalna Demokracija Slovenije,Active
Filip KACZMAREK,EPP,Poland,Platforma Obywatelska,Active
Karin KADENBACH,S&D,Austria,Sozialdemokratische Partei Österreichs,Active
Ivailo KALFIN,S&D,Bulgaria,Coalition for Bulgaria,Active
Jarosław KALINOWSKI,EPP,Poland,Polskie Stronnictwo Ludowe,Active
Sandra KALNIETE,EPP,Latvia,Vienotība,Active
Syed KAMALL,ECR,United Kingdom,Conservative Party,Active
Michał Tomasz KAMIŃSKI,ECR,Poland,Independent,Active
Petra KAMMEREVERT,S&D,Germany,Sozialdemokratische Partei Deutschlands,Active
Othmar KARAS,EPP,Austria,Österreichische Volkspartei,Active
Sajjad KARIM,ECR,United Kingdom,Conservative Party,Active
Krišjānis KARIŅŠ,EPP,Latvia,Vienotība,Active
Ioannis KASOULIDES,EPP,Cyprus,Democratic Rally,Inactive
Martin KASTLER,EPP,Germany,Christlich-Soziale Union in Bayern e.V.,Active
Metin KAZAK,ALDE/ADLE,Bulgaria,Movement for Rights and Freedoms,Active
Tunne KELAM,EPP,Estonia,Erakond Isamaa ja Res Publica Liit,Active
Franziska KELLER,Greens/EFA,Germany,Bündnis 90/Die Grünen,Active
Alan KELLY,S&D,Ireland,Labour Party,Inactive
Seán KELLY,EPP,Ireland,Fine Gael Party,Active
Nicole KIIL-NIELSEN,Greens/EFA,France,Europe Écologie,Active
Evgeni KIRILOV,S&D,Bulgaria,Coalition for Bulgaria,Active
Timothy KIRKHOPE,ECR,United Kingdom,Conservative Party,Active
Christa KLASS,EPP,Germany,Christlich Demokratische Union Deutschlands,Active
Wolf KLINZ,ALDE/ADLE,Germany,Freie Demokratische Partei,Active
Jürgen KLUTE,GUE-NGL,Germany,DIE LINKE.,Active
Dieter-Lebrecht KOCH,EPP,Germany,Christlich Demokratische Union Deutschlands,Active
Silvana KOCH-MEHRIN,ALDE/ADLE,Germany,Freie Demokratische Partei,Active
Jaromír KOHLÍČEK,GUE-NGL,Czech Republic,Komunistická strana Čech a Moravy,Active
Lena KOLARSKA-BOBIŃSKA,EPP,Poland,Platforma Obywatelska,Inactive
Maria Eleni KOPPA,S&D,Greece,Panhellenic Socialist Movement,Active
Eija-Riitta KORHOLA,EPP,Finland,Kansallinen Kokoomus,Active
Ádám KÓSA,EPP,Hungary,Fidesz-Magyar Polgári Szövetség-Keresztény Demokrata Néppárt,Active
Elisabeth KÖSTINGER,EPP,Austria,Österreichische Volkspartei,Active
Georgios KOUMOUTSAKOS,EPP,Greece,Nea Demokratia,Active
Paweł Robert KOWAL,ECR,Poland,Polska Razem Jarosława Gowina,Active
Sergej KOZLÍK,ALDE/ADLE,Slovakia,Strana Demokratického Slovenska,Active
Edvard KOŽUŠNÍK,ECR,Czech Republic,Občanská demokratická strana,Active
Holger KRAHMER,ALDE/ADLE,Germany,Freie Demokratische Partei,Active
Rodi KRATSA-TSAGAROPOULOU,EPP,Greece,Nea Demokratia,Active
Constanze Angela KREHL,S&D,Germany,Sozialdemokratische Partei Deutschlands,Active
Wolfgang KREISSL-DÖRFLER,S&D,Germany,Sozialdemokratische Partei Deutschlands,Active
Werner KUHN,EPP,Germany,Christlich Demokratische Union Deutschlands,Active
Eduard KUKAN,EPP,Slovakia,Slovenská demokratická a kresťanská únia - Demokratická strana,Active
Jacek Olgierd KURSKI,EFD,Poland,Solidarna Polska,Active
Alain LAMASSOURE,EPP,France,Union pour un Mouvement Populaire,Active
Jean LAMBERT,Greens/EFA,United Kingdom,Green Party,Active
Philippe LAMBERTS,Greens/EFA,Belgium,Ecologistes Confédérés pour l'Organisation de Luttes Originales,Active
Stavros LAMBRINIDIS,S&D,Greece,Panhellenic Socialist Movement,Inactive
Alexander Graf LAMBSDORFF,ALDE/ADLE,Germany,Freie Demokratische Partei,Active
Vytautas LANDSBERGIS,EPP,Lithuania,Tėvynės sąjunga - Lietuvos krikščionys demokratai,Active
Bernd LANGE,S&D,Germany,Sozialdemokratische Partei Deutschlands,Active
Esther de LANGE,EPP,Netherlands,Christen Democratisch Appèl,Active
Werner LANGEN,EPP,Germany,Christlich Demokratische Union Deutschlands,Active
Giovanni LA VIA,EPP,Italy,Nuovo Centrodestra,Active
Kurt LECHNER,EPP,Germany,Christlich Demokratische Union Deutschlands,Inactive
Stéphane LE FOLL,S&D,France,Parti Socialiste,Inactive
Ryszard Antoni LEGUTKO,ECR,Poland,Prawo i Sprawiedliwość,Active
Klaus-Heiner LEHNE,EPP,Germany,Christlich Demokratische Union Deutschlands,Inactive
Patrick LE HYARIC,GUE-NGL,France,Front de gauche pour changer d’Europe,Active
Jörg LEICHTFRIED,S&D,Austria,Sozialdemokratische Partei Österreichs,Active
Jo LEINEN,S&D,Germany,Sozialdemokratische Partei Deutschlands,Active
Corinne LEPAGE,ALDE/ADLE,France,Citoyenneté Action Participation pour le 21ème siècle,Active
Jean-Marie LE PEN,NI,France,Front national,Active
Marine LE PEN,NI,France,Front national,Active
Janusz LEWANDOWSKI,EPP,Poland,Platforma Obywatelska,Inactive
Bogusław LIBERADZKI,S&D,Poland,Sojusz Lewicy Demokratycznej,Active
Eva LICHTENBERGER,Greens/EFA,Austria,Die Grünen - Die Grüne Alternative,Active
Peter LIESE,EPP,Germany,Christlich Demokratische Union Deutschlands,Active
Kartika Tamara LIOTARD,GUE-NGL,Netherlands,Independent,Active
Krzysztof LISEK,EPP,Poland,Platforma Obywatelska,Active
Barbara LOCHBIHLER,Greens/EFA,Germany,Bündnis 90/Die Grünen,Active
Isabella LÖVIN,Greens/EFA,Sweden,Miljöpartiet de gröna,Active
Morten LØKKEGAARD,ALDE/ADLE,Denmark,"Venstre, Danmarks Liberale Parti",Active
Verónica LOPE FONTAGNÉ,EPP,Spain,Partido Popular,Active
Juan Fernando LÓPEZ AGUILAR,S&D,Spain,Partido Socialista Obrero Español,Active
Antonio LÓPEZ-ISTÚRIZ WHITE,EPP,Spain,Partido Popular,Active
Sabine LÖSING,GUE-NGL,Germany,DIE LINKE.,Active
Caroline LUCAS,Greens/EFA,United Kingdom,Green Party,Inactive
Baroness Sarah LUDFORD,ALDE/ADLE,United Kingdom,Liberal Democrats Party,Active
Olle LUDVIGSSON,S&D,Sweden,Arbetarepartiet- Socialdemokraterna,Active
Petru Constantin LUHAN,EPP,Romania,Partidul Democrat-Liberal,Active
Elżbieta Katarzyna ŁUKACIJEWSKA,EPP,Poland,Platforma Obywatelska,Active
Astrid LULLING,EPP,Luxembourg,Parti chrétien social luxembourgeois,Active
Ulrike LUNACEK,Greens/EFA,Austria,Die Grünen - Die Grüne Alternative,Active
Elizabeth LYNNE,ALDE/ADLE,United Kingdom,Liberal Democrats Party,Inactive
George LYON,ALDE/ADLE,United Kingdom,Liberal Democrats Party,Active
Linda McAVAN,S&D,United Kingdom,Labour Party,Active
Arlene McCARTHY,S&D,United Kingdom,Labour Party,Active
Emma McCLARKIN,ECR,United Kingdom,Conservative Party,Active
Mairead McGUINNESS,EPP,Ireland,Fine Gael Party,Active
Edward McMILLAN-SCOTT,ALDE/ADLE,United Kingdom,Liberal Democrats Party,Active
Monica Luisa MACOVEI,EPP,Romania,Partidul Democrat-Liberal,Active
Barry MADLENER,NI,Netherlands,Partij voor de Vrijheid,Inactive
Toine MANDERS,ALDE/ADLE,Netherlands,Volkspartij voor Vrijheid en Democratie,Active
Ramona Nicole MĂNESCU,ALDE/ADLE,Romania,Partidul Naţional Liberal,Inactive
Vladimír MAŇKA,S&D,Slovakia,SMER-Sociálna demokracia,Active
Thomas MANN,EPP,Germany,Christlich Demokratische Union Deutschlands,Active
Riikka PAKARINEN,ALDE/ADLE,Finland,Suomen Keskusta,Active
Bogdan Kazimierz MARCINKIEWICZ,EPP,Poland,Platforma Obywatelska,Active
Marian-Jean MARINESCU,EPP,Romania,Partidul Democrat-Liberal,Active
David MARTIN,S&D,United Kingdom,Labour Party,Active
Hans-Peter MARTIN,NI,Austria,"Liste ""Dr. Martin - für Demokratie, Kontrolle, Gerechtigkeit""",Active
Miguel Angel MARTÍNEZ MARTÍNEZ,S&D,Spain,Partido Socialista Obrero Español,Active
Antonio MASIP HIDALGO,S&D,Spain,Partido Socialista Obrero Español,Active
Jiří MAŠTÁLKA,GUE-NGL,Czech Republic,Komunistická strana Čech a Moravy,Active
Clemente MASTELLA,EPP,Italy,Unione Democratici per l'Europa,Active
Barbara MATERA,EPP,Italy,Forza Italia,Active
Véronique MATHIEU HOUILLON,EPP,France,Union pour un Mouvement Populaire,Active
Marisa MATIAS,GUE-NGL,Portugal,Bloco de Esquerda,Active
Gabriel MATO ADROVER,EPP,Spain,Partido Popular,Active
Iosif MATULA,EPP,Romania,Partidul Democrat-Liberal,Active
Mario MAURO,EPP,Italy,Il Popolo della Libertà,Inactive
Kyriakos MAVRONIKOLAS,S&D,Cyprus,Movement for Social Democracy EDEK,Inactive
Hans-Peter MAYER,EPP,Germany,Christlich Demokratische Union Deutschlands,Active
Jaime MAYOR OREJA,EPP,Spain,Partido Popular,Active
Erminia MAZZONI,EPP,Italy,Nuovo Centrodestra,Active
Gesine MEISSNER,ALDE/ADLE,Germany,Freie Demokratische Partei,Active
Jean-Luc MÉLENCHON,GUE-NGL,France,Front de gauche pour changer d’Europe,Active
Nuno MELO,EPP,Portugal,Partido Popular,Active
Íñigo MÉNDEZ DE VIGO,EPP,Spain,Partido Popular,Inactive
Emilio MENÉNDEZ del VALLE,S&D,Spain,Partido Socialista Obrero Español,Active
Judith A. MERKIES,S&D,Netherlands,Partij van de Arbeid,Active
Morten MESSERSCHMIDT,EFD,Denmark,Dansk Folkeparti,Active
Alajos MÉSZÁROS,EPP,Slovakia,Strana mad'arskej komunity- Magyar Közösség Pártja,Active
Willy MEYER,GUE-NGL,Spain,Izquierda Unida,Active
Louis MICHEL,ALDE/ADLE,Belgium,Mouvement Réformateur,Active
Marek Henryk MIGALSKI,ECR,Poland,Polska Razem Jarosława Gowina,Active
Nadezhda NEYNSKY,EPP,Bulgaria,Blue Coalition,Active
Miroslav MIKOLÁŠIK,EPP,Slovakia,Kresťanskodemokratické hnutie,Active
Guido MILANA,S&D,Italy,Partito Democratico,Active
Francisco José MILLÁN MON,EPP,Spain,Partido Popular,Active
Alexander MIRSKY,S&D,Latvia,"Politiskā Partija ""Alternative""",Active
Gay MITCHELL,EPP,Ireland,Fine Gael Party,Active
Andreas MÖLZER,NI,Austria,Freiheitliche Partei Österreichs,Active
Claude MORAES,S&D,United Kingdom,Labour Party,Active
Vital MOREIRA,S&D,Portugal,Partido Socialista,Active
Claudio MORGANTI,EFD,Italy,Io Cambio,Active
Elisabeth MORIN-CHARTIER,EPP,France,Union pour un Mouvement Populaire,Active
Radvilė MORKŪNAITĖ-MIKULĖNIENĖ,EPP,Lithuania,Tėvynės sąjunga - Lietuvos krikščionys demokratai,Active
Krisztina MORVAI,NI,Hungary,JOBBIK MAGYARORSZÁGÉRT MOZGALOM,Active
Tiziano MOTTI,EPP,Italy,Unione dei Democratici cristiani e dei Democratici di Centro,Active
María MUÑIZ DE URQUIZA,S&D,Spain,Partido Socialista Obrero Español,Active
Cristiana MUSCARDINI,ECR,Italy,Conservatori e Social Riformatori,Active
Mike NATTRASS,NI,United Kingdom,AN INDEPENDENCE FROM EUROPE,Active
Mariya GABRIEL,EPP,Bulgaria,Citizens for European Development of Bulgaria,Active
Norbert NEUSER,S&D,Germany,Sozialdemokratische Partei Deutschlands,Active
Katarína NEVEĎALOVÁ,S&D,Slovakia,SMER-Sociálna demokracia,Active
Bill NEWTON DUNN,ALDE/ADLE,United Kingdom,Liberal Democrats Party,Active
Annemie NEYTS-UYTTEBROECK,ALDE/ADLE,Belgium,Open Vlaamse Liberalen en Democraten,Active
James NICHOLSON,ECR,United Kingdom,Ulster Conservatives and Unionists-New Force,Active
Norica NICOLAI,ALDE/ADLE,Romania,Partidul Naţional Liberal,Active
Rareş-Lucian NICULESCU,EPP,Romania,Partidul Democrat-Liberal,Active
Angelika NIEBLER,EPP,Germany,Christlich-Soziale Union in Bayern e.V.,Active
Lambert van NISTELROOIJ,EPP,Netherlands,Christen Democratisch Appèl,Active
Sławomir NITRAS,EPP,Poland,Platforma Obywatelska,Active
Paul NUTTALL,EFD,United Kingdom,United Kingdom Independence Party,Active
Franz OBERMAYR,NI,Austria,Freiheitliche Partei Österreichs,Active
Raimon OBIOLS,S&D,Spain,Partit dels Socialistes de Catalunya,Active
Kristiina OJULAND,ALDE/ADLE,Estonia,Sõltumatu,Active
Jan OLBRYCHT,EPP,Poland,Platforma Obywatelska,Active
Wojciech Michał OLEJNICZAK,S&D,Poland,Sojusz Lewicy Demokratycznej,Active
Ria OOMEN-RUIJTEN,EPP,Netherlands,Christen Democratisch Appèl,Active
Csaba ŐRY,EPP,Hungary,Fidesz-Magyar Polgári Szövetség-Keresztény Demokrata Néppárt,Active
Miroslav OUZKÝ,ECR,Czech Republic,Občanská demokratická strana,Active
Siiri OVIIR,ALDE/ADLE,Estonia,Sõltumatu,Active
Doris PACK,EPP,Germany,Christlich Demokratische Union Deutschlands,Active
Ivari PADAR,S&D,Estonia,Sotsiaaldemokraatlik Erakond,Inactive
Athanasios PAFILIS,GUE-NGL,Greece,Communist Party of Greece,Inactive
Rolandas PAKSAS,EFD,Lithuania,Partija Tvarka ir teisingumas,Active
Justas Vincas PALECKIS,S&D,Lithuania,Lietuvos socialdemokratų partija,Active
Chrysoula PALIADELI,S&D,Greece,Panhellenic Socialist Movement,Active
Alfredo PALLONE,EPP,Italy,Nuovo Centrodestra,Active
Vladko Todorov PANAYOTOV,ALDE/ADLE,Bulgaria,Movement for Rights and Freedoms,Active
Pier Antonio PANZERI,S&D,Italy,Partito Democratico,Active
Antigoni PAPADOPOULOU,S&D,Cyprus,Democratic Party,Active
Giorgos PAPAKONSTANTINOU,S&D,Greece,Panhellenic Socialist Movement,Inactive
Georgios PAPANIKOLAOU,EPP,Greece,Nea Demokratia,Active
Georgios PAPASTAMKOS,EPP,Greece,Nea Demokratia,Active
Gilles PARGNEAUX,S&D,France,Parti Socialiste,Active
Antonyia PARVANOVA,ALDE/ADLE,Bulgaria,National Movement for Stability and Progress,Active
Ioan Mircea PAŞCU,S&D,Romania,Partidul Social Democrat + Partidul Conservator,Active
Jaroslav PAŠKA,EFD,Slovakia,Slovenská národná strana,Active
Maria do Céu PATRÃO NEVES,EPP,Portugal,Partido Social Democrata,Active
Aldo PATRICIELLO,EPP,Italy,Forza Italia,Active
Marit PAULSEN,ALDE/ADLE,Sweden,Folkpartiet liberalerna,Active
Vincent PEILLON,S&D,France,Parti Socialiste,Inactive
Andrés PERELLÓ RODRÍGUEZ,S&D,Spain,Partido Socialista Obrero Español,Active
Alojz PETERLE,EPP,Slovenia,Nova Slovenija – Krščanski demokrati,Active
Markus PIEPER,EPP,Germany,Christlich Demokratische Union Deutschlands,Active
Sirpa PIETIKÄINEN,EPP,Finland,Kansallinen Kokoomus,Active
Mirosław PIOTROWSKI,ECR,Poland,Prawo i Sprawiedliwość,Active
Mario PIRILLO,S&D,Italy,Partito Democratico,Active
Gianni PITTELLA,S&D,Italy,Partito Democratico,Active
Athanasios PLEVRIS,EFD,Greece,Popular Orthodox Rally - G. Karatzaferis,Inactive
Rovana PLUMB,S&D,Romania,Partidul Social Democrat + Partidul Conservator,Inactive
Pavel POC,S&D,Czech Republic,Česká strana sociálně demokratická,Active
Anni PODIMATA,S&D,Greece,Panhellenic Socialist Movement,Active
Maurice PONGA,EPP,France,Union pour un Mouvement Populaire,Active
Tomasz Piotr PORĘBA,ECR,Poland,Prawo i Sprawiedliwość,Active
Miguel PORTAS,GUE-NGL,Portugal,Bloco de Esquerda,Inactive
Bernd POSSELT,EPP,Germany,Christlich-Soziale Union in Bayern e.V.,Active
Hans-Gert PÖTTERING,EPP,Germany,Christlich Demokratische Union Deutschlands,Active
Konstantinos POUPAKIS,EPP,Greece,Nea Demokratia,Active
Cristian Dan PREDA,EPP,Romania,Partidul Mișcarea Populară,Active
Vittorio PRODI,S&D,Italy,Partito Democratico,Active
Jacek PROTASIEWICZ,EPP,Poland,Platforma Obywatelska,Active
Fiorello PROVERA,EFD,Italy,Lega Nord,Active
Godelieve QUISTHOUDT-ROWOHL,EPP,Germany,Christlich Demokratische Union Deutschlands,Active
Paulo RANGEL,EPP,Portugal,Partido Social Democrata,Active
Hella RANNER,EPP,Austria,Österreichische Volkspartei,Inactive
Miloslav RANSDORF,GUE-NGL,Czech Republic,Komunistická strana Čech a Moravy,Active
Bernhard RAPKAY,S&D,Germany,Sozialdemokratische Partei Deutschlands,Active
Sylvana RAPTI,S&D,Greece,Panhellenic Socialist Movement,Active
Evelyn REGNER,S&D,Austria,Sozialdemokratische Partei Österreichs,Active
Britta REIMERS,ALDE/ADLE,Germany,Freie Demokratische Partei,Active
Vladimír REMEK,GUE-NGL,Czech Republic,Komunistická strana Čech a Moravy,Inactive
Mitro REPO,S&D,Finland,Suomen Sosialidemokraattinen Puolue/Finlands Socialdemokratiska Parti,Active
Herbert REUL,EPP,Germany,Christlich Demokratische Union Deutschlands,Active
Teresa RIERA MADURELL,S&D,Spain,Partido Socialista Obrero Español,Active
Frédérique RIES,ALDE/ADLE,Belgium,Mouvement Réformateur,Active
Niccolò RINALDI,ALDE/ADLE,Italy,Independent,Active
Dominique RIQUET,EPP,France,Parti Radical,Active
Michèle RIVASI,Greens/EFA,France,Europe Écologie,Active
Crescenzio RIVELLINI,EPP,Italy,Forza Italia,Active
Robert ROCHEFORT,ALDE/ADLE,France,Mouvement Démocrate,Active
Ulrike RODUST,S&D,Germany,Sozialdemokratische Partei Deutschlands,Active
Jens ROHDE,ALDE/ADLE,Denmark,"Venstre, Danmarks Liberale Parti",Active
Zuzana ROITHOVÁ,EPP,Czech Republic,Křesťanská a demokratická unie - Československá strana lidová,Active
Carmen ROMERO LÓPEZ,S&D,Spain,Partido Socialista Obrero Español,Active
Raül ROMEVA i RUEDA,Greens/EFA,Spain,Iniciativa per Catalunya Verds,Active
Licia RONZULLI,EPP,Italy,Forza Italia,Active
Anna ROSBACH,ECR,Denmark,Miljøpartiet Fokus,Active
Oreste ROSSI,EPP,Italy,Forza Italia,Active
Dagmar ROTH-BEHRENDT,S&D,Germany,Sozialdemokratische Partei Deutschlands,Active
Libor ROUČEK,S&D,Czech Republic,Česká strana sociálně demokratická,Active
Paul RÜBIG,EPP,Austria,Österreichische Volkspartei,Active
Alfreds RUBIKS,GUE-NGL,Latvia,"Politisko partiju apvienība ""Saskaņas centrs""",Active
Heide RÜHLE,Greens/EFA,Germany,Bündnis 90/Die Grünen,Active
Tokia SAÏFI,EPP,France,Union pour un Mouvement Populaire,Active
José Ignacio SALAFRANCA SÁNCHEZ-NEYRA,EPP,Spain,Partido Popular,Active
Potito SALATTO,EPP,Italy,Popolari per l’Europa,Active
Matteo SALVINI,EFD,Italy,Lega Nord,Active
Marie-Thérèse SANCHEZ-SCHMID,EPP,France,Union pour un Mouvement Populaire,Active
Antolín SÁNCHEZ PRESEDO,S&D,Spain,Partido Socialista Obrero Español,Active
Daciana Octavia SÂRBU,S&D,Romania,Partidul Social Democrat + Partidul Conservator,Active
Judith SARGENTINI,Greens/EFA,Netherlands,GroenLinks,Active
Amalia SARTORI,EPP,Italy,Forza Italia,Active
Jacek SARYUSZ-WOLSKI,EPP,Poland,Platforma Obywatelska,Active
David-Maria SASSOLI,S&D,Italy,Partito Democratico,Active
Algirdas SAUDARGAS,EPP,Lithuania,Tėvynės sąjunga - Lietuvos krikščionys demokratai,Active
Vilja SAVISAAR-TOOMAST,ALDE/ADLE,Estonia,Eesti Reformierakond,Active
Marietje SCHAAKE,ALDE/ADLE,Netherlands,Democraten 66,Active
Christel SCHALDEMOSE,S&D,Denmark,Socialdemokratiet,Active
Carl SCHLYTER,Greens/EFA,Sweden,Miljöpartiet de gröna,Active
Olle SCHMIDT,ALDE/ADLE,Sweden,Folkpartiet liberalerna,Active
Pál SCHMITT,EPP,Hungary,Fidesz-Magyar Polgári Szövetség-Keresztény Demokrata Néppárt,Inactive
Horst SCHNELLHARDT,EPP,Germany,Christlich Demokratische Union Deutschlands,Active
Birgit SCHNIEBER-JASTRAM,EPP,Germany,Christlich Demokratische Union Deutschlands,Active
Helmut SCHOLZ,GUE-NGL,Germany,DIE LINKE.,Active
György SCHÖPFLIN,EPP,Hungary,Fidesz-Magyar Polgári Szövetség-Keresztény Demokrata Néppárt,Active
Elisabeth SCHROEDTER,Greens/EFA,Germany,Bündnis 90/Die Grünen,Active
Martin SCHULZ,S&D,Germany,Sozialdemokratische Partei Deutschlands,Active
Werner SCHULZ,Greens/EFA,Germany,Bündnis 90/Die Grünen,Active
Andreas SCHWAB,EPP,Germany,Christlich Demokratische Union Deutschlands,Active
Edward SCICLUNA,S&D,Malta,Partit Laburista,Inactive
Giancarlo SCOTTÀ,EFD,Italy,Lega Nord,Active
Marco SCURRIA,EPP,Italy,Fratelli d'Italia - Alleanza Nazionale,Active
Richard SEEBER,EPP,Austria,Österreichische Volkspartei,Active
Olga SEHNALOVÁ,S&D,Czech Republic,Česká strana sociálně demokratická,Active
Joanna SENYSZYN,S&D,Poland,Sojusz Lewicy Demokratycznej,Active
Debora SERRACCHIANI,S&D,Italy,Partito Democratico,Inactive
Adrian SEVERIN,NI,Romania,Partidul Social Democrat + Partidul Conservator,Active
Czesław Adam SIEKIERSKI,EPP,Poland,Polskie Stronnictwo Ludowe,Active
Sergio Paolo Francesco SILVESTRIS,EPP,Italy,Forza Italia,Active
Peter SIMON,S&D,Germany,Sozialdemokratische Partei Deutschlands,Active
Brian SIMPSON,S&D,United Kingdom,Labour Party,Active
Nicole SINCLAIRE,NI,United Kingdom,We Demand a Referendum,Active
Birgit SIPPEL,S&D,Germany,Sozialdemokratische Partei Deutschlands,Active
Marek SIWIEC,S&D,Poland,Independent,Active
Peter SKINNER,S&D,United Kingdom,Labour Party,Active
Joanna Katarzyna SKRZYDLEWSKA,EPP,Poland,Platforma Obywatelska,Active
Theodoros SKYLAKAKIS,ALDE/ADLE,Greece,Drassi,Active
Alyn SMITH,Greens/EFA,United Kingdom,Scottish National Party,Active
Monika SMOLKOVÁ,S&D,Slovakia,SMER-Sociálna demokracia,Active
Csaba SÓGOR,EPP,Romania,Uniunea Democrată Maghiară din România,Active
Timo SOINI,EFD,Finland,Perussuomalaiset,Inactive
Renate SOMMER,EPP,Germany,Christlich Demokratische Union Deutschlands,Active
Søren Bo SØNDERGAARD,GUE-NGL,Denmark,Folkebevægelsen mod EU,Inactive
Bogusław SONIK,EPP,Poland,Platforma Obywatelska,Active
Francisco SOSA WAGNER,NI,Spain,"Unión, Progreso y Democracia",Active
Catherine SOULLIE,EPP,France,Union pour un Mouvement Populaire,Inactive
Francesco Enrico SPERONI,EFD,Italy,Lega Nord,Active
Bart STAES,Greens/EFA,Belgium,Groen,Active
Laurence J.A.J. STASSEN,NI,Netherlands,Independent,Active
Peter ŠŤASTNÝ,EPP,Slovakia,Slovenská demokratická a kresťanská únia - Demokratická strana,Active
Georgios STAVRAKAKIS,S&D,Greece,Panhellenic Socialist Movement,Active
Jutta STEINRUCK,S&D,Germany,Sozialdemokratische Partei Deutschlands,Active
Dirk STERCKX,ALDE/ADLE,Belgium,Open Vlaamse Liberalen en Democraten,Inactive
Struan STEVENSON,ECR,United Kingdom,Conservative Party,Active
Catherine STIHLER,S&D,United Kingdom,Labour Party,Active
Daniël van der STOEP		 This person became MEP later than the general start of the term.		 This person ceased to be an MEP before the end of the term.,NI,Netherlands,Independent,Active
Theodor Dumitru STOLOJAN,EPP,Romania,Partidul Democrat-Liberal,Active
Dimitar STOYANOV,NI,Bulgaria,National-Democratic Party,Active
Emil STOYANOV,EPP,Bulgaria,Citizens for European Development of Bulgaria,Inactive
Ernst STRASSER,EPP,Austria,Österreichische Volkspartei,Inactive
Ivo STREJČEK,ECR,Czech Republic,Občanská demokratická strana,Active
Michèle STRIFFLER,EPP,France,Parti Radical / Union des Démocrates et Indépendants,Active
Robert STURDY,ECR,United Kingdom,Conservative Party,Active
László SURJÁN,EPP,Hungary,Fidesz-Magyar Polgári Szövetség-Keresztény Demokrata Néppárt,Active
Gianluca SUSTA,S&D,Italy,Independent,Inactive
Alf SVENSSON,EPP,Sweden,Kristdemokraterna,Active
Eva-Britt SVENSSON,GUE-NGL,Sweden,Vänsterpartiet,Inactive
Kay SWINBURNE,ECR,United Kingdom,Conservative Party,Active
Hannes SWOBODA,S&D,Austria,Sozialdemokratische Partei Österreichs,Active
József SZÁJER,EPP,Hungary,Fidesz-Magyar Polgári Szövetség-Keresztény Demokrata Néppárt,Active
Csanád SZEGEDI,NI,Hungary,JOBBIK MAGYARORSZÁGÉRT MOZGALOM,Active
Konrad SZYMAŃSKI,ECR,Poland,Prawo i Sprawiedliwość,Active
Csaba Sándor TABAJDI,S&D,Hungary,Magyar Szocialista Párt,Active
Hannu TAKKULA,ALDE/ADLE,Finland,Suomen Keskusta,Active
Claudiu Ciprian TĂNĂSESCU,S&D,Romania,Partidul Social Democrat + Partidul Conservator,Active
Charles TANNOCK,ECR,United Kingdom,Conservative Party,Active
Marc TARABELLA		 This person became MEP later than the general start of the term.,S&D,Belgium,Parti Socialiste,Active
Indrek TARAND,Greens/EFA,Estonia,Sõltumatu,Active
Salvatore TATARELLA,EPP,Italy,Futuro e Libertà per l'Italia,Active
Rui TAVARES,Greens/EFA,Portugal,Independente,Active
Nuno TEIXEIRA,EPP,Portugal,Partido Social Democrata,Active
Zoran THALER,S&D,Slovenia,Socialni demokrati,Inactive
Alexandra THEIN,ALDE/ADLE,Germany,Freie Demokratische Partei,Active
Eleni THEOCHAROUS,EPP,Cyprus,Democratic Rally,Active
Michael THEURER,ALDE/ADLE,Germany,Freie Demokratische Partei,Active
Britta THOMSEN,S&D,Denmark,Socialdemokratiet,Active
Róża Gräfin von THUN UND HOHENSTEIN,EPP,Poland,Platforma Obywatelska,Active
Marianne THYSSEN,EPP,Belgium,Christen-Democratisch & Vlaams,Active
Silvia-Adriana ŢICĂU,S&D,Romania,Partidul Social Democrat + Partidul Conservator,Active
Patrice TIROLIEN,S&D,France,Parti Socialiste,Active
Patrizia TOIA,S&D,Italy,Partito Democratico,Active
László TŐKÉS,EPP,Romania,Independent,Active
Valdemar TOMAŠEVSKI,ECR,Lithuania,Lietuvos lenkų rinkimų akcija,Active
Evžen TOŠENOVSKÝ,ECR,Czech Republic,Občanská demokratická strana,Active
Georgios TOUSSAS,GUE-NGL,Greece,Communist Party of Greece,Active
Catherine TRAUTMANN,S&D,France,Parti Socialiste,Active
Michail TREMOPOULOS,Greens/EFA,Greece,Ecologist Greens,Inactive
Ramon TREMOSA i BALCELLS,ALDE/ADLE,Spain,Convergència Democràtica de Catalunya,Active
Kyriacos TRIANTAPHYLLIDES,GUE-NGL,Cyprus,Progressive Party of Working People - Left - New Forces,Active
Helga TRÜPEL,Greens/EFA,Germany,Bündnis 90/Die Grünen,Active
Rafał TRZASKOWSKI,EPP,Poland,Platforma Obywatelska,Inactive
Ioannis A. TSOUKALAS,EPP,Greece,Nea Demokratia,Active
Claude TURMES,Greens/EFA,Luxembourg,Déi Gréng - Les Verts,Active
Emilie TURUNEN,S&D,Denmark,Socialdemokratiet,Active
Niki TZAVELA,EFD,Greece,Independent,Active
Giommaria UGGIAS,ALDE/ADLE,Italy,Italia dei Valori - Lista Di Pietro,Active
Thomas ULMER,EPP,Germany,Christlich Demokratische Union Deutschlands,Active
Marita ULVSKOG,S&D,Sweden,Arbetarepartiet- Socialdemokraterna,Active
Traian UNGUREANU,EPP,Romania,Partidul Democrat-Liberal,Active
Vladimir URUTCHEV,EPP,Bulgaria,Citizens for European Development of Bulgaria,Active
Viktor USPASKICH,ALDE/ADLE,Lithuania,Darbo partija,Inactive
Corneliu VADIM TUDOR,NI,Romania,Partidul România Mare,Active
Inese VAIDERE,EPP,Latvia,Vienotība,Active
Ivo VAJGL,ALDE/ADLE,Slovenia,ZARES-Nova Politika,Active
Adina-Ioana VĂLEAN,ALDE/ADLE,Romania,Partidul Naţional Liberal,Active
Kathleen VAN BREMPT,S&D,Belgium,Socialistische Partij.Anders,Active
Frank VANHECKE,EFD,Belgium,Vlaams Belang,Active
Geoffrey VAN ORDEN,ECR,United Kingdom,Conservative Party,Active
Gianni VATTIMO,ALDE/ADLE,Italy,Italia dei Valori - Lista Di Pietro (Indipendente),Active
Derek VAUGHAN,S&D,United Kingdom,Labour Party,Active
Marie-Christine VERGIAT,GUE-NGL,France,Front de gauche pour changer d’Europe,Active
Bernadette VERGNAUD,S&D,France,Parti Socialiste,Active
Sabine VERHEYEN,EPP,Germany,Christlich Demokratische Union Deutschlands,Active
Guy VERHOFSTADT,ALDE/ADLE,Belgium,Open Vlaamse Liberalen en Democraten,Active
Alejo VIDAL-QUADRAS,EPP,Spain,Vox,Active
Kristian VIGENIN,S&D,Bulgaria,Coalition for Bulgaria,Inactive
Philippe de VILLIERS,EFD,France,Mouvement pour la France,Active
Oldřich VLASÁK,ECR,Czech Republic,Občanská demokratická strana,Active
Dominique VLASTO,EPP,France,Union pour un Mouvement Populaire,Active
Axel VOSS,EPP,Germany,Christlich Demokratische Union Deutschlands,Active
Jarosław Leszek WAŁĘSA,EPP,Poland,Platforma Obywatelska,Active
Diana WALLIS,ALDE/ADLE,United Kingdom,Liberal Democrats Party,Inactive
Sir Graham WATSON,ALDE/ADLE,United Kingdom,Liberal Democrats Party,Active
Henri WEBER,S&D,France,Parti Socialiste,Active
Manfred WEBER,EPP,Germany,Christlich-Soziale Union in Bayern e.V.,Active
Renate WEBER,ALDE/ADLE,Romania,Partidul Naţional Liberal,Active
Barbara WEILER,S&D,Germany,Sozialdemokratische Partei Deutschlands,Active
Anja WEISGERBER,EPP,Germany,Christlich-Soziale Union in Bayern e.V.,Inactive
Angelika WERTHMANN,NI,Austria,Independent,Active
Åsa WESTLUND,S&D,Sweden,Arbetarepartiet- Socialdemokraterna,Active
Kerstin WESTPHAL,S&D,Germany,Sozialdemokratische Partei Deutschlands,Active
Rainer WIELAND,EPP,Germany,Christlich Demokratische Union Deutschlands,Active
Cecilia WIKSTRÖM,ALDE/ADLE,Sweden,Folkpartiet liberalerna,Active
Glenis WILLMOTT,S&D,United Kingdom,Labour Party,Active
Sabine WILS,GUE-NGL,Germany,DIE LINKE.,Active
Iuliu WINKLER,EPP,Romania,Uniunea Democrată Maghiară din România,Active
Hermann WINKLER,EPP,Germany,Christlich Demokratische Union Deutschlands,Active
Jacek WŁOSOWICZ,EFD,Poland,Solidarna Polska,Active
Janusz WOJCIECHOWSKI,ECR,Poland,Prawo i Sprawiedliwość,Active
Corien WORTMANN-KOOL,EPP,Netherlands,Christen Democratisch Appèl,Active
Luis YÁÑEZ-BARNUEVO GARCÍA,S&D,Spain,Partido Socialista Obrero Español,Active
Marina YANNAKOUDAKIS,ECR,United Kingdom,Conservative Party,Active
Anna ZÁBORSKÁ,EPP,Slovakia,Kresťanskodemokratické hnutie,Active
Jan ZAHRADIL,ECR,Czech Republic,Občanská demokratická strana,Active
Boris ZALA,S&D,Slovakia,SMER-Sociálna demokracia,Active
Pablo ZALBA BIDEGAIN,EPP,Spain,Partido Popular,Active
Paweł ZALEWSKI,EPP,Poland,Platforma Obywatelska,Active
Iva ZANICCHI,EPP,Italy,Forza Italia,Active
Artur ZASADA,ECR,Poland,Polska Razem Jarosława Gowina,Active
Tatjana ŽDANOKA,Greens/EFA,Latvia,Par cilvēka tiesībām vienotā Latvijā,Active
Joachim ZELLER,EPP,Germany,Christlich Demokratische Union Deutschlands,Active
Janusz Władysław ZEMKE,S&D,Poland,Sojusz Lewicy Demokratycznej,Active
Roberts ZĪLE,ECR,Latvia,Tēvzemei un Brīvībai/LNNK,Active
Gabriele ZIMMER,GUE-NGL,Germany,DIE LINKE.,Active
Zbigniew ZIOBRO,EFD,Poland,Solidarna Polska,Active
Milan ZVER,EPP,Slovenia,Slovenska demokratska stranka,Active
Tadeusz ZWIEFKA,EPP,Poland,Platforma Obywatelska,Active
Rumiana JELEVA,EPP,Bulgaria,Citizens for European Development of Bulgaria,Inactive
Jean-Claude MARCOURT,S&D,Belgium,Parti Socialiste,Inactive
Andrey KOVATCHEV		 This person became MEP later than the general start of the term.,EPP,Bulgaria,Citizens for European Development of Bulgaria,Active
Charalampos ANGOURAKIS		 This person became MEP later than the general start of the term.,GUE-NGL,Greece,Communist Party of Greece,Active
Spyros DANELLIS		 This person became MEP later than the general start of the term.,S&D,Greece,Panhellenic Socialist Movement,Active
Nikolaos SALAVRAKOS		 This person became MEP later than the general start of the term.,EFD,Greece,Popular Orthodox Rally - G. Karatzaferis,Active
Constance LE GRIP		 This person became MEP later than the general start of the term.,EPP,France,Union pour un Mouvement Populaire,Active
Jan KOZŁOWSKI		 This person became MEP later than the general start of the term.,EPP,Poland,Platforma Obywatelska,Active
Keith TAYLOR		 This person became MEP later than the general start of the term.,Greens/EFA,United Kingdom,Green Party,Active
Ildikó GÁLL-PELCZ		 This person became MEP later than the general start of the term.,EPP,Hungary,Fidesz-Magyar Polgári Szövetség-Keresztény Demokrata Néppárt,Active
Béla KOVÁCS		 This person became MEP later than the general start of the term.,NI,Hungary,JOBBIK MAGYARORSZÁGÉRT MOZGALOM,Active
Lucas HARTONG		 This person became MEP later than the general start of the term.,NI,Netherlands,Partij voor de Vrijheid,Active
Jan MULDER		 This person became MEP later than the general start of the term.,ALDE/ADLE,Netherlands,Volkspartij voor Vrijheid en Democratie,Active
Sergio GUTIÉRREZ PRIETO		 This person became MEP later than the general start of the term.,S&D,Spain,Partido Socialista Obrero Español,Active
Zoltán BAGÓ		 This person became MEP later than the general start of the term.,EPP,Hungary,Fidesz-Magyar Polgári Szövetség-Keresztény Demokrata Néppárt,Active
María IRIGOYEN PÉREZ		 This person became MEP later than the general start of the term.,S&D,Spain,Partido Socialista Obrero Español,Active
Philippe BOULLAND		 This person became MEP later than the general start of the term.,EPP,France,Union pour un Mouvement Populaire,Active
Agnès LE BRUN		 This person became MEP later than the general start of the term.,EPP,France,Union pour un Mouvement Populaire,Active
Brice HORTEFEUX		 This person became MEP later than the general start of the term.,EPP,France,Union pour un Mouvement Populaire,Active
Heinz K. BECKER		 This person became MEP later than the general start of the term.,EPP,Austria,Österreichische Volkspartei,Active
Hubert PIRKER		 This person became MEP later than the general start of the term.,EPP,Austria,Österreichische Volkspartei,Active
Paul MURPHY		 This person became MEP later than the general start of the term.,GUE-NGL,Ireland,Socialist Party,Active
Mojca KLEVA KEKUŠ		 This person became MEP later than the general start of the term.,S&D,Slovenia,Socialni demokrati,Active
Phil PRENDERGAST		 This person became MEP later than the general start of the term.,S&D,Ireland,Labour Party,Active
Sampo TERHO		 This person became MEP later than the general start of the term.,EFD,Finland,Perussuomalaiset,Active
Giuseppe GARGANI		 This person became MEP later than the general start of the term.,EPP,Italy,Popolari per l’Europa,Active
Tarja CRONBERG		 This person became MEP later than the general start of the term.,Greens/EFA,Finland,Vihreä liitto,Active
Dimitrios DROUTSAS		 This person became MEP later than the general start of the term.,S&D,Greece,Panhellenic Socialist Movement,Active
Franck PROUST		 This person became MEP later than the general start of the term.,EPP,France,Union pour un Mouvement Populaire,Active
Andrea ZANONI		 This person became MEP later than the general start of the term.,S&D,Italy,Partito Democratico,Active
Philippe DE BACKER		 This person became MEP later than the general start of the term.,ALDE/ADLE,Belgium,Open Vlaamse Liberalen en Democraten,Active
Auke ZIJLSTRA		 This person became MEP later than the general start of the term.,NI,Netherlands,Partij voor de Vrijheid,Active
Mikael GUSTAFSSON		 This person became MEP later than the general start of the term.,GUE-NGL,Sweden,Vänsterpartiet,Active
Kent JOHANSSON		 This person became MEP later than the general start of the term.,ALDE/ADLE,Sweden,Centerpartiet,Active
Zofija MAZEJ KUKOVIČ		 This person became MEP later than the general start of the term.,EPP,Slovenia,Slovenska demokratska stranka,Active
Arkadiusz Tomasz BRATKOWSKI		 This person became MEP later than the general start of the term.,EPP,Poland,Polskie Stronnictwo Ludowe,Active
Yves COCHET		 This person became MEP later than the general start of the term.,Greens/EFA,France,Europe Écologie,Active
Jean ROATTA		 This person became MEP later than the general start of the term.,EPP,France,Union pour un Mouvement Populaire,Active
Ewald STADLER		 This person became MEP later than the general start of the term.,NI,Austria,Die Reformkonservativen – REKOS,Active
Amelia ANDERSDOTTER		 This person became MEP later than the general start of the term.,Greens/EFA,Sweden,Piratpartiet,Active
Joseph CUSCHIERI		 This person became MEP later than the general start of the term.,S&D,Malta,Partit Laburista,Active
Vicente Miguel GARCÉS RAMÓN		 This person became MEP later than the general start of the term.,S&D,Spain,Partido Socialista Obrero Español,Active
Dolores GARCÍA-HIERRO CARABALLO		 This person became MEP later than the general start of the term.,S&D,Spain,Partido Socialista Obrero Español,Active
Anthea McINTYRE		 This person became MEP later than the general start of the term.,ECR,United Kingdom,Conservative Party,Active
Svetoslav Hristov MALINOV		 This person became MEP later than the general start of the term.,EPP,Bulgaria,Blue Coalition,Active
Jens NILSSON		 This person became MEP later than the general start of the term.,S&D,Sweden,Arbetarepartiet- Socialdemokraterna,Active
Eva ORTIZ VILELLA		 This person became MEP later than the general start of the term.,EPP,Spain,Partido Popular,Active
Kārlis ŠADURSKIS		 This person became MEP later than the general start of the term.,EPP,Latvia,Vienotība,Active
Salvador SEDÓ i ALABART		 This person became MEP later than the general start of the term.,EPP,Spain,Unió Democràtica de Catalunya,Active
Gino TREMATERRA		 This person became MEP later than the general start of the term.,EPP,Italy,Unione dei Democratici cristiani e dei Democratici di Centro,Active
Josef WEIDENHOLZER		 This person became MEP later than the general start of the term.,S&D,Austria,Sozialdemokratische Partei Österreichs,Active
Ana MIRANDA,Greens/EFA,Spain,Bloque Nacionalista Galego,Inactive
Younous OMARJEE		 This person became MEP later than the general start of the term.,GUE-NGL,France,"Liste ""Alliance des Outre-Mers""",Active
María Auxiliadora CORREA ZAMORA		 This person became MEP later than the general start of the term.,EPP,Spain,Partido Popular,Active
Juan Andrés NARANJO ESCOBAR		 This person became MEP later than the general start of the term.,EPP,Spain,Partido Popular,Active
Inês Cristina ZUBER		 This person became MEP later than the general start of the term.,GUE-NGL,Portugal,Partido Comunista Português,Active
Phil BENNION		 This person became MEP later than the general start of the term.,ALDE/ADLE,United Kingdom,Liberal Democrats Party,Active
Nikos CHRYSOGELOS		 This person became MEP later than the general start of the term.,Greens/EFA,Greece,Ecologist Greens,Active
Emer COSTELLO		 This person became MEP later than the general start of the term.,S&D,Ireland,Labour Party,Active
Petri SARVAMAA		 This person became MEP later than the general start of the term.,EPP,Finland,Kansallinen Kokoomus,Active
Rebecca TAYLOR		 This person became MEP later than the general start of the term.,ALDE/ADLE,United Kingdom,Liberal Democrats Party,Active
Birgit COLLIN-LANGEN		 This person became MEP later than the general start of the term.,EPP,Germany,Christlich Demokratische Union Deutschlands,Active
Alda SOUSA		 This person became MEP later than the general start of the term.,GUE-NGL,Portugal,Bloco de Esquerda,Active
Minodora CLIVETI		 This person became MEP later than the general start of the term.,S&D,Romania,Partidul Social Democrat + Partidul Conservator,Active
Eric ANDRIEU		 This person became MEP later than the general start of the term.,S&D,France,Parti Socialiste,Active
Erik BÁNKI		 This person became MEP later than the general start of the term.,EPP,Hungary,Fidesz-Magyar Polgári Szövetség-Keresztény Demokrata Néppárt,Active
Jean-Jacob BICEP		 This person became MEP later than the general start of the term.,Greens/EFA,France,Europe Écologie,Active
Karim ZÉRIBI		 This person became MEP later than the general start of the term.,Greens/EFA,France,Europe Écologie,Active
Martina ANDERSON		 This person became MEP later than the general start of the term.,GUE-NGL,United Kingdom,Sinn Féin,Active
Nora BERRA		 This person became MEP later than the general start of the term.,EPP,France,Union pour un Mouvement Populaire,Active
Jean Louis COTTIGNY		 This person became MEP later than the general start of the term.,S&D,France,Parti Socialiste,Active
Isabelle THOMAS		 This person became MEP later than the general start of the term.,S&D,France,Parti Socialiste,Active
Nils TORVALDS		 This person became MEP later than the general start of the term.,ALDE/ADLE,Finland,Svenska folkpartiet,Active
Vojtěch MYNÁŘ		 This person became MEP later than the general start of the term.,S&D,Czech Republic,Česká strana sociálně demokratická,Active
Sophocles SOPHOCLEOUS		 This person became MEP later than the general start of the term.,S&D,Cyprus,Movement for Social Democracy EDEK,Active
Patricia van der KAMMEN		 This person became MEP later than the general start of the term.,NI,Netherlands,Partij voor de Vrijheid,Active
Monika PANAYOTOVA		 This person became MEP later than the general start of the term.,EPP,Bulgaria,Citizens for European Development of Bulgaria,Active
Justina VITKAUSKAITE BERNARD		 This person became MEP later than the general start of the term.,ALDE/ADLE,Lithuania,Darbo partija,Active
Francesca BARRACCIU,S&D,Italy,Partito Democratico,Inactive
Preslav BORISSOV		 This person became MEP later than the general start of the term.,EPP,Bulgaria,Citizens for European Development of Bulgaria,Active
Dan Dumitru ZAMFIRESCU		 This person became MEP later than the general start of the term.,NI,Romania,Partidul România Mare,Active
Mark DEMESMAEKER		 This person became MEP later than the general start of the term.,Greens/EFA,Belgium,Nieuw-Vlaamse Alliantie,Active
Andreas PITSILLIDES		 This person became MEP later than the general start of the term.,EPP,Cyprus,Democratic Rally,Active
Susy DE MARTINI		 This person became MEP later than the general start of the term.,ECR,Italy,Forza Italia,Active
Franco BONANINI		 This person became MEP later than the general start of the term.,NI,Italy,Indipendente,Active
Fabrizio BERTOT		 This person became MEP later than the general start of the term.,EPP,Italy,Forza Italia,Active
Claudette ABELA BALDACCHINO		 This person became MEP later than the general start of the term.,S&D,Malta,Partit Laburista,Active
Franco FRIGO		 This person became MEP later than the general start of the term.,S&D,Italy,Partito Democratico,Active
Roberta METSOLA		 This person became MEP later than the general start of the term.,EPP,Malta,Partit Nazzjonalista,Active
Marlene MIZZI		 This person became MEP later than the general start of the term.,S&D,Malta,Partit Laburista,Active
Marusya LYUBCHEVA		 This person became MEP later than the general start of the term.,S&D,Bulgaria,Coalition for Bulgaria,Active
Marino BALDINI		 This person became MEP later than the general start of the term.,S&D,Croatia,Socijaldemokratska partija Hrvatske,Active
Biljana BORZAN		 This person became MEP later than the general start of the term.,S&D,Croatia,Socijaldemokratska partija Hrvatske,Active
Zdravka BUŠIĆ		 This person became MEP later than the general start of the term.,EPP,Croatia,Hrvatska demokratska zajednica,Active
Ivana MALETIĆ		 This person became MEP later than the general start of the term.,EPP,Croatia,Hrvatska demokratska zajednica,Active
Sandra PETROVIĆ JAKOVINA		 This person became MEP later than the general start of the term.,S&D,Croatia,Socijaldemokratska partija Hrvatske,Active
Tonino PICULA		 This person became MEP later than the general start of the term.,S&D,Croatia,Socijaldemokratska partija Hrvatske,Active
Andrej PLENKOVIĆ		 This person became MEP later than the general start of the term.,EPP,Croatia,Hrvatska demokratska zajednica,Active
Davor Ivo STIER		 This person became MEP later than the general start of the term.,EPP,Croatia,Hrvatska demokratska zajednica,Active
Dubravka ŠUICA		 This person became MEP later than the general start of the term.,EPP,Croatia,Hrvatska demokratska zajednica,Active
Ruža TOMAŠIĆ		 This person became MEP later than the general start of the term.,ECR,Croatia,Hrvatska stranka prava dr. Ante Starčević,Active
Oleg VALJALO		 This person became MEP later than the general start of the term.,S&D,Croatia,Socijaldemokratska partija Hrvatske,Active
Nikola VULJANIĆ		 This person became MEP later than the general start of the term.,GUE-NGL,Croatia,Hrvatski laburisti - stranka rada,Active
Eduard-Raul HELLVIG		 This person became MEP later than the general start of the term.,ALDE/ADLE,Romania,Partidul Naţional Liberal,Active
Iñaki IRAZABALBEITIA FERNÁNDEZ		 This person became MEP later than the general start of the term.,Greens/EFA,Spain,Aralar,Active
Martina MICHELS		 This person became MEP later than the general start of the term.,GUE-NGL,Germany,DIE LINKE.,Active
Ovidiu Ioan SILAGHI		 This person became MEP later than the general start of the term.,ALDE/ADLE,Romania,Partidul Naţional Liberal,Active
Hiltrud BREYER		 This person became MEP later than the general start of the term.,Greens/EFA,Germany,Bündnis 90/Die Grünen,Active
Gabriele STAUNER		 This person became MEP later than the general start of the term.,EPP,Germany,Christlich-Soziale Union in Bayern e.V.,Active
Věra FLASAROVÁ		 This person became MEP later than the general start of the term.,GUE-NGL,Czech Republic,Komunistická strana Čech a Moravy,Active
Claus LARSEN-JENSEN		 This person became MEP later than the general start of the term.,S&D,Denmark,Socialdemokratiet,Active
Tadeusz ROSS		 This person became MEP later than the general start of the term.,EPP,Poland,Platforma Obywatelska,Active
Zbigniew ZALESKI		 This person became MEP later than the general start of the term.,EPP,Poland,Platforma Obywatelska,Active
Rina Ronja KARI		 This person became MEP later than the general start of the term.,GUE-NGL,Denmark,Folkebevægelsen mod EU,Active
Giovanni BARBAGALLO		 This person became MEP later than the general start of the term.,S&D,Italy,Partito Democratico,Active
Annette KOEWIUS		 This person became MEP later than the general start of the term.,EPP,Germany,Christlich Demokratische Union Deutschlands,Active
Katrin SAKS		 This person became MEP later than the general start of the term.,S&D,Estonia,Sotsiaaldemokraatlik Erakond,Active
Christine REVAULT D'ALLONNES BONNEFOY		 This person became MEP later than the general start of the term.,S&D,France,Parti Socialiste,Active
<<Previous     Next>>
